1;01/01/2010;Lorem ipsum dolor sit amet, consectetur adipiscing elit.;17
2;01/02/2010;Nulla faucibus nunc mattis, porttitor nunc non, blandit ipsum.;7
3;01/03/2010;Aenean semper purus ut velit accumsan dapibus.;8
4;01/04/2010;Curabitur fermentum lectus nec erat feugiat malesuada.;15
5;01/05/2010;Proin id massa quis magna semper cursus sit amet vel risus.;5
6;01/06/2010;Cras in ipsum vel magna mattis porttitor.;2
7;01/07/2010;Proin sagittis tellus quis massa commodo fringilla.;16
8;01/08/2010;Donec consequat ligula id sagittis ullamcorper.;2
9;01/09/2010;Aenean facilisis mauris vitae tincidunt tincidunt.;16
10;01/10/2010;Proin fringilla velit et ex ultrices, eget vestibulum orci eleifend.;13
11;01/11/2010;Mauris blandit est non tempor lobortis.;5
12;01/12/2010;Ut luctus justo dictum eros consectetur, consequat rutrum est blandit.;11
13;01/01/2011;Vivamus varius leo sed purus euismod, ac efficitur nisl euismod.;16
14;01/02/2011;Pellentesque venenatis orci in diam ornare porta.;1
15;01/03/2011;Phasellus vel nisi vestibulum, porttitor nibh in, pellentesque diam.;11
16;01/04/2011;Sed non ante egestas, iaculis eros a, interdum quam.;1
17;01/05/2011;Aenean dapibus dolor pharetra leo auctor mattis.;1
18;01/06/2011;Phasellus faucibus massa sit amet suscipit porttitor.;20
19;01/07/2011;Sed posuere dolor sit amet libero hendrerit, a commodo tortor facilisis.;3
20;01/08/2011;Pellentesque efficitur risus nec lorem laoreet, non blandit quam sollicitudin.;12
21;01/09/2011;Fusce feugiat metus ac nibh lobortis sagittis.;10
22;01/10/2011;Maecenas ultrices est sed pellentesque volutpat.;4
23;01/11/2011;Vivamus quis sem interdum, volutpat nisl ut, lobortis arcu.;4
24;01/12/2011;Nunc vulputate metus maximus sapien vestibulum porta.;3
25;01/01/2012;Mauris quis diam id ante vulputate luctus non ullamcorper nunc.;19
26;01/02/2012;Maecenas eget orci ut tortor lacinia sodales.;5
27;01/03/2012;Integer quis justo vel metus dapibus egestas eu in nisi.;17
28;01/04/2012;Mauris mollis libero sed nisl euismod, in pharetra sapien rhoncus.;6
29;01/05/2012;Aliquam aliquam felis a elit ultricies feugiat in porttitor tellus.;13
30;01/06/2012;Maecenas ut tortor vel libero porta dignissim.;8
31;01/07/2012;Nunc sagittis lectus et tortor sodales, eget volutpat dui porttitor.;6
32;01/08/2012;Etiam maximus nibh id diam facilisis, vitae elementum est feugiat.;14
33;01/09/2012;Donec vitae sem id nisl blandit varius.;18
34;01/10/2012;Fusce vitae arcu vehicula, efficitur tellus sollicitudin, volutpat orci.;5
35;01/11/2012;Duis a dolor posuere, gravida ante vitae, commodo felis.;6
36;01/12/2012;Praesent dictum nibh ultricies, fringilla purus eget, rutrum tortor.;1
37;01/01/2013;Etiam ut sem vitae odio pretium congue et nec turpis.;9
38;01/02/2013;Quisque id massa id nibh volutpat volutpat.;17
39;01/03/2013;Aliquam nec leo a neque tincidunt porttitor.;7
40;01/04/2013;Donec dictum lorem et nibh sollicitudin, lobortis elementum erat faucibus.;3
41;01/05/2013;Proin pretium sem vel eros rutrum tincidunt et sed diam.;17
42;01/06/2013;Sed pellentesque ex vehicula pretium tincidunt.;4
43;01/07/2013;Cras eu lacus eget elit luctus lobortis.;7
44;01/08/2013;Donec quis tortor id elit sollicitudin blandit.;16
45;01/09/2013;Phasellus quis neque volutpat odio lacinia rhoncus.;1
46;01/10/2013;Nunc non mauris et enim porttitor dignissim in eu justo.;2
47;01/11/2013;Quisque quis nisi dictum, tempus diam sed, accumsan dui.;15
48;01/12/2013;Ut vulputate tortor at risus tincidunt, quis gravida lectus consequat.;10
49;01/01/2014;Nullam molestie nibh in euismod finibus.;15
50;01/02/2014;Aliquam sagittis nisi vel tincidunt commodo.;15
51;01/03/2014;Mauris et eros quis turpis imperdiet feugiat sed id nulla.;12
