TheBoredGamer@gmail.com;BanTheB;(394) 202-8610;4205;Bridle Court;Bangkok;QC;10956
Bent@entreprise.com;NaiBent;(999) 523-1080;7179;Wood Street;Nairobi;ON;7960
Unsuitable@entreprise.com;BeiUnsu;(881) 230-7006;8350;Monroe Street;Beijing;MA;77904
Decorous@entreprise.com;DhaDeco;(817) 975-5623;7317;Catherine Street;Dhaka;AL;32904
Discreet@entreprise.com;BanDisc;(106) 218-4313;8764;Madison Street;Bangalore;BC;29710
Romantic@entreprise.com;MexRoma;(789) 858-4542;8906;Chestnut Avenue;Mexico City;NB;97124
Petite@entreprise.com;IstPeti;(691) 509-4840;7866;Cemetery Road;Istanbul;ON;11572
Versed@entreprise.com;JohVers;(785) 459-1547;5058;River Street;Johannesburg;QC;4401
Energetic@entreprise.com;PyoEner;(412) 959-1915;2602;Windsor Court;Pyongyang;NB;11010
Abrasive@entreprise.com;LahAbra;(148) 862-4114;6474;Deerfield Drive;Lahore;MA;11554
Unhealthy@entreprise.com;JakUnhe;(473) 401-6167;6455;Hill Street;Jakarta;BC;2864
Roasted@entreprise.com;YanRoas;(946) 163-6382;1133;Cedar Lane;Yangon;QC;33160
Vigorous@entreprise.com;TiaVigo;(968) 746-0811;9796;Locust Lane;Tianjin;AL;27302
Boiling@entreprise.com;Ho Boil;(380) 236-0580;9062;8th Avenue;Ho Chi Minh City;ON;0102A
Colorful@entreprise.com;ShaColo;(508) 684-3506;3781;Ridge Road;Shanghai;NB;44663
Obsequious@entreprise.com;DonObse;(772) 919-8834;1504;Highland Avenue;Dongguan;QC;5211C
Special@entreprise.com;DelSpec;(568) 416-5712;6152;Primrose Lane;Delhi;NB;31204
Meaty@entreprise.com;JaiMeat;(210) 266-3958;2559;Amherst Street;Jaipur;MA;20815
Unruly@entreprise.com;GuaUnru;(801) 283-4613;9867;Cherry Lane;Guangzhou;BC;60047
Watery@entreprise.com;HanWate;(926) 322-8197;1671;Durham Court;Hanoi;AL;33040
Smart@entreprise.com;SheSmar;(959) 393-0840;1839;Mulberry Court;Shenzhen;QC;11725
Normal@entreprise.com;AddNorm;(234) 133-0090;5865;Overlook Circle;Addis Ababa;ON;16506
Rampant@entreprise.com;HonRamp;(638) 109-3878;3701;Andover Court;Hong Kong;MA;19020
Perfect@entreprise.com;JedPerf;(117) 367-1230;7341;5th Street South;Jeddah;NB;60201
Slimy@entreprise.com;AhmSlim;(545) 729-9971;1923;Adams Street;Ahmedabad;AL;51501
Chivalrous@entreprise.com;MosChiv;(540) 520-6850;2364;Main Street West;Moscow;QC;44122
Sudden@entreprise.com;TehSudd;(652) 160-4165;6835;Division Street;Tehran;ON;13440
Cuddly@entreprise.com;Cudd;(238) 213-1521;5485;Cobblestone Court;;NB;16001
Huge@entreprise.com;MadHuge;(126) 824-3280;5295;Route 17;Madrid;MA;29550
Wrathful@entreprise.com;SurWrat;(640) 317-7482;9669;Evergreen Lane;Surat;ON;46383
Raspy@entreprise.com;SanRasp;(386) 720-7754;6148;Hanover Court;Santiago;AL;6051
Lamentable@entreprise.com;DurLame;(821) 309-9772;6812;Route 30;Durban;NB;11776
Quaint@entreprise.com;HydQuai;(574) 301-2789;2701;Cardinal Drive;Hyderabad;BC;6111
Cold@entreprise.com;BagCold;(364) 828-0003;5879;Route 7;Baghdad;QC;43026
Guiltless@entreprise.com;BusGuil;(463) 352-3104;1613;Brookside Drive;Busan;ON;23320
Thick@entreprise.com;NaiThic;(872) 761-9930;2254;Rose Street;Nairobi;NB;90008
Living@entreprise.com;SheLivi;(655) 256-7667;7909;East Street;Shenyang;ON;4240
Nebulous@entreprise.com;CheNebu;(688) 488-6436;3892;Canal Street;Chennai;NB;44133
Yielding@entreprise.com;RiyYiel;(979) 804-2989;5618;Myrtle Street;Riyadh;MA;1851
Mysterious@entreprise.com;AbiMyst;(512) 726-0509;9745;Hamilton Street;Abidjan;BC;46901
Subdued@entreprise.com;AnkSubd;(634) 958-7518;1399;Orange Street;Ankara;ON;34203
Wiry@entreprise.com;CasWiry;(560) 337-9093;2587;Smith Street;Casablanca;QC;46060
Bright@entreprise.com;BerBrig;(947) 767-6257;4583;8th Street South;Berlin;NB;72209
Toothsome@entreprise.com;BanToot;(759) 407-7378;8734;High Street;Bangkok;MA;41017
Far-flung@entreprise.com;NewFar-;(322) 157-3038;7875;Lafayette Street;New Taipei City;ON;71730
Absorbing@entreprise.com;YokAbso;(506) 460-6300;4597;Ashley Court;Yokohama;AL;91762
Disillusioned@entreprise.com;NewDisi;(835) 755-2430;6185;Creekside Drive;New York City;QC;60031
Apathetic@entreprise.com;LosApat;(543) 170-6043;6098;Franklin Avenue;Los Angeles;MA;29910
Stingy@entreprise.com;JakStin;(349) 919-6016;3996;Taylor Street;Jakarta;MA;32765
Incredible@entreprise.com;TiaIncr;(120) 850-8973;7710;Route 64;Tianjin;ON;60056
